Firma1,URL,Ort,Top1_Machine,Maschinen_Park_Size
Mouldtec Kunststoff - GmbH,https://www.mouldtec.de/,Kaufbeuren,2792054.0,120-200
RF Plast GmbH,http://www.rf-plast.de/,Gunzenhausen,2390480.0,80-120
Indorama Ventures Polymers Germany GmbH,https://www.indoramaventures.com/en/worldwide/1284/indorama-ventures-polymers-germany-gmbh,Hattersheim am Main,3537965.0,120-200
ttp Papenburg GmbH,https://www.ttp-kunststoffprofile.de,Papenburg,951412.0,21-40
Wefapress Beck + Co. GmbH,https://www.wefapress.com/de,Vreden,2667157.0,120-200
Mast Kunststoffe GmbH,https://www.mast-kunststoffe.de/,Bad Waldsee,1501484.0,60-80
KABO-PLASTIC GmbH,https://www.kabo-plastic.de/,Hartheim am Rhein,1062866.0,21-40
M + S Silicon GmbH & Co. KG,https://www.ms-silicon.de/ms-sil/,Dortmund,993749.0,21-40
emano Kunststofftechnik GmbH,https://www.emano.de/,Teterow,4277699.0,120-200
Terbrack Kunststoff GmbH & Co. KG,https://www.terbrack.de/,Vreden,169928.0,No Match
Cetto Kunststoffverarbeitung GmbH,https://www.cetto-group.de/,Saal an der Donau,1406106.0,40-60
Kunststofftechnik Krug GmbH,https://www.krug-breidenbach.de/,Breidenbach,3819177.0,120-200
Reinhard Bretthauer GmbH,http://www.bretthauer.de/,Dillenburg OT Frohnhausen,805893.0,15-20
GEMA - Technik GmbH,https://www.gema-technik.de/,Bruckmühl,148639.0,No Match
Burkhardt Kunststoffverarbeitung GmbH,https://www.burkhardt-kunststoff.de/,Vaihingen an der Enz,2935184.0,120-200
WEIDPLAS Germany GmbH,https://weidplas.com/de/,Treuen,9435678.0,200-350
Polyblend GmbH,https://www.polyblend.de/,Bad Sobernheim,1289965.0,40-60
Metak GmbH & Co. KG,https://www.metak.de/,Burgwald,413119.0,10-15
satek gmbh,https://www.satek.de/,Salach,624519.0,10-15
KKT Kaller Kunststoff Technik GmbH,https://www.kkt-kall.de/de/,Kall,1370419.0,40-60
Woco Kronacher Kunststoffwerk GmbH,https://www.wocogroup.com/kronach/,Kronach,6859342.0,200-350
epsotech Germany GmbH,https://epsotech.com/de/,Jülich,4049920.0,120-200
Eckerle Holding GmbH,https://www.eckerle-gruppe.com/,Ottersweier,40030.0,No Match
Amper-Plastik R. Dittrich GmbH & Co. KG,https://www.amperplastik.de/,Dachau,875304.0,15-20
Wilkes GmbH,https://www.wilkes.de/,Schwelm,226681.0,No Match
FRÖTEK-Kunststofftechnik GmbH,https://www.froetek.shop/de/,Osterode am Harz,23770.0,No Match
Lehmann & Frommelt Thermoformung GmbH,https://lefro-thermoformung.de/de/,Neustadt i. Sa.,1392374.0,40-60
Funke Kunststoffe GmbH,https://www.funkegruppe.de/,Hamm,5177642.0,200-350
Bergmann Spritzguss,https://spritzguss-bergmann.de/,Telgte,2413205.0,80-120
Zittauer Kunststoff GmbH,http://www.zik-kt.de/,Zittau,1560457.0,60-80
Deutsche Technoplast GmbH,https://www.deutsche-technoplast.com/,Wörth a.d.Donau,52939.0,No Match
Häfner & Krullmann GmbH,https://www.hafner-spools.com/,Leopoldshöhe,3383713.0,120-200
SLG Kunststoff GmbH,https://www.slg-kunststoff.de/,Bernau im Schwarzwald,4565910.0,120-200
Hartmann Kunststofftechnik GmbH & Co. KG,https://www.hartmann-kunststofftechnik.de/de/,Herford,969523.0,21-40
BBP Kunststoffwerk Marbach Baier GmbH,https://www.bbp-online.de/,Marbach am Neckar,4547398.0,120-200
Werner Schmid GmbH,https://www.werner-schmid.de/de/,Fulda,656919.0,10-15
SCHAUENBURG Ruhrkunststoff GmbH,https://www.schauenburg-rk.com/site/schlauchhersteller/,Mülheim an der Ruhr,528009.0,10-15
VACU-FORM Wischemann GmbH & Co KG,https://www.vacu-form.de/,Salzbergen,1844597.0,80-120
Gramß GmbH Kunststoffverarbeitung,https://www.gramss-gmbh.de/,Sonneberg,4721802.0,120-200
Findeis GmbH,https://www.findeis.de/,Kirchlengern,218297.0,No Match
Semperit Profiles Deggendorf GmbH,https://www.semperitprofiles.com/,Deggendorf,5328216.0,200-350
Camso Deutschland GmbH,https://camso.co/de/,Duisburg,713962.0,15-20
Innovatec Microfibre Technology,https://melt-blown.com/,Troisdorf,9393004.0,200-350
Aldoplastic GmbH & Co. KG,https://www.aldoplastic.de/,Alsdorf,803491.0,15-20
S & W GmbH Präzisionskunststoffspritzguß,http://www.suw-plastics.de,Hebertshausen,3444331.0,120-200
Gentner GmbH,https://www.gentner-gmbh.de/,Kammerstein,1007503.0,21-40
microart GmbH & Co. KG,https://microart-roding.de/,Roding,8665456.0,200-350
ACLA-WERKE GMBH,https://www.acla.de/,Köln,2870926.0,120-200
HEMA Maschinen- und Apparateschutz GmbH,https://www.hema-group.com/,Seligenstadt,299696.0,No Match
Kremer - Kautschuk - Kunststoff,https://www.kremer.de/,Bad Soden-Salmünster,368667.0,10-15
STAR Piping Systems GmbH,http://www.star-kunststoffe.de/,Wesel,2415043.0,80-120
Riel Kunststoffverarbeitung,https://www.riel.de/,Oberderdingen,1560856.0,60-80
Oskar Lehmann GmbH & Co. KG,https://www.olplastik.de,Blomberg,597509.0,10-15
Formex Plastik GmbH,http://www.formex.de,Kevelaer,1762717.0,60-80
Lätzsch - GmbH Kunststoffverarbeitung,https://www.laetzsch.de/,Kitzscher,2744881.0,120-200
ROMIRA Gesellschaft für Vertrieb &,https://www.romira.de/,Pinneberg,1698097.0,60-80
Spritz-Plast GmbH,https://www.ruede.de,Laufenburg (Baden),3947751.0,120-200
Gerodur MPM,https://www.gerodur.de/,Neustadt in Sachsen,12057596.0,350-600
hünersdorff GmbH,https://www.huenersdorff.de/home.html,Ludwigsburg,1528035.0,60-80
Joma-Polytec GmbH,https://www.joma-polytec.de/home,Bodelshausen,3071760.0,120-200
Bernd Meffle Kunststoffverarbeitung GmbH,https://www.meffle.de/de,Westerheim,1741025.0,60-80
Mecalit GmbH Kunststoffverarbeitung,https://www.mecalit.com/de/home,Lichtenau,4873039.0,120-200
Menke-Kunststoffe GmbH & Co. KG,http://www.mk-profile.de/,Warstein,1340008.0,40-60
Jordan Spritzgusstechnik GmbH,http://www.jordan-spritzguss.de/,Iserlohn,639508.0,10-15
JACO Dr. Jaeniche GmbH & Co. KG,https://jaco.de/,Kehl,2109662.0,80-120
CT Formpolster GmbH,https://www.ct-formpolster.de/index.php/de/,Löhne,757013.0,15-20
Murrplastik Systemtechnik GmbH,https://www.murrplastik.de,Oppenweiler,4522931.0,120-200
Dietrich Lüttgens GmbH & Co. KG,https://www.luettgens.de/,Heiligenhaus,296090.0,No Match
Trygonal Group GmbH,https://www.trygonal.com/,Sachsenheim,709198.0,15-20
OMEGA TECHNOLOGY GmbH & Co. KG,https://www.omega-technology.de/,Diepholz,1510480.0,60-80
SEALABLE Solutions GmbH,https://seal-able.com/startseite,Waltershausen,2929550.0,120-200
IPT - Pergande Gesellschaft,http://www.pergande.de/,Südliches Anhalt,4496216.0,120-200
Hörl Kunststofftechnik GmbH & Co. KG,https://www.hoerl.de/home/,Laufen,1204071.0,40-60
NOVAPAX Kunststofftechnik Steiner,https://www.novapax.de/index.php?id=home,Berlin,3586931.0,120-200
REKU Thermoforming Reckermann GmbH,https://www.reku.net/,Vlotho,1850056.0,80-120
Fibox GmbH,http://www.fibox.de/,Porta Westfalica,298526.0,No Match
Trelleborg Sealing Profiles Germany GmbH,http://www.trelleborg.com/de/sealing-profiles,Großheubach,1079940.0,21-40
Wilhelm Herm. Müller GmbH & Co. KG,,Garbsen,728715.0,15-20
AGOFORM GmbH,https://www.agoform.de//,Löhne,605465.0,10-15
CosMed GmbH & Co KG,https://www.cos-med.de/de/index.html,Löhne,6888185.0,200-350
KB Roller Tech Kopierwalzen GmbH,https://www.kbrt.de/,Bergheim,1039329.0,21-40
KWM Kunststoff- Formteile GmbH,https://kwm-kunststoffe.de/,Merklingen,39968.0,No Match
Jacob-Formschaumtechnik GmbH,http://www.jacob-formschaum.de/,Cadolzburg,3395233.0,120-200
SLS Kunststoffverarbeitungs-,https://www.sls-kunststoffprofile.de/,Dahn,730358.0,15-20
Schoplast Plastic GmbH,https://schoplast.de/,Bischofswerda,3949227.0,120-200
TechnoCompound GmbH,https://www.technocompound.com/,Bad Sobernheim,2544575.0,120-200
Vola Plast GmbH & Co. KG,https://www.volaplast.de/,Spangenberg,2020322.0,80-120
ATKA Kunststoffverarbeitung GmbH,https://www.atka.de/,Lohne (Oldenburg),2372214.0,80-120
Bänninger Kunststoff-Produkte GmbH,https://www.baenninger.de/,Reiskirchen,695450.0,10-15
AKRO-PLASTIC GmbH,https://akro-plastic.com/de/,Niederzissen,9006015.0,200-350
DS Dichtungstechnik GmbH,https://dsseals.net/de/,Nottuln,569085.0,10-15
Repac Montagetechnik GmbH & Co. KG,https://repac.de/,Gehrden,506279.0,10-15
Optibelt Material Handling GmbH,https://www.optibelt.com/de/material-handling/home/,Rinteln,1451195.0,40-60
IDT Industrie- und Dichtungstechnik,https://idt-dichtungen.de/de.phtml,Annaberg-Buchholz,3550050.0,120-200
Sauer Product GmbH,https://www.sauerproduct.com/,Dieburg,4717064.0,120-200
Weiß Kunststoffverarbeitung,https://www.weiss-kunststoff.de/,Illertissen,851062.0,15-20
Weißer + Grießhaber GmbH,https://www.weisser-griesshaber.de/startseite.html,Mönchweiler,11866507.0,350-600
Mitsubishi Chemical,https://www.mcam.com/de/,Vreden,4326801.0,120-200
HKS GmbH industrieller Hersteller von,http://www.hks-kompensatoren.de,Rostock,242401.0,No Match
Ninkaplast GmbH,https://www.ninka.com/home/,Bad Salzuflen,857659.0,15-20
ZEIBINA Kunststoff-Technik GmbH,https://zeibina.com/,Puschwitz,648321.0,10-15
F&W Frey & Winkler GmbH,https://www.freywinkler.de/index.html,Königsbach-Stein,4909642.0,120-200
Birner Kunststofftechnik GmbH,https://www.birner.de/startseite/,Kümmersbruck,2310931.0,80-120
PB-Kunststoffverarbeitung,https://www.ballerstedt.com/de/,Reinbek,654906.0,10-15
Burwinkel Kunststoffwerk GmbH,https://burwinkel-kunststoffe.de/,Steinfeld (Oldenburg),1619665.0,60-80
INOTECH Kunststofftechnik GmbH,https://www.inotech.de/,Nabburg,1473138.0,40-60
PVS-Kunststofftechnik GmbH + Co. KG,https://www.pvs-plastics.net/,Niedernhall,1011966.0,21-40
ABC Tautenhahn GmbH,http://www.abc-tautenhahn.de/,Senden,731194.0,15-20
BAUM KUNSTSTOFFE GMBH,https://www.baumkunststoffe.com/,Birkenfeld,1832292.0,80-120
Lockweiler Plastic Werke,https://www.lockweiler-werke.com/,Wadern,727680.0,15-20
FORMTECHNIK Dr. Hasel GmbH,http://ft-hasel.de/,Reichartshausen,1852987.0,80-120
Hahn Kunststoffe GmbH,https://www.hahnkunststoffe.de/,Hahn-Flughafen,2631864.0,120-200
BERGI-PLAST GmbH,https://www.bergi-plast.de/de/home/,Bad Gottleuba-Berggießhübel,1978221.0,80-120
Bada AG,https://www.bada.de/,Bühl,2219079.0,80-120
BaS Kunststoffverarbeitung GmbH,https://www.bas-kunststoffverarbeitung.de/,Eslarn,544763.0,10-15
bomo trendline Technik GmbH,https://www.bomo.de/willkommen,Hardt,3259864.0,120-200
qtec Kunststofftechnik GmbH Quedlinburg,http://www.qtec-online.de/,Quedlinburg,705487.0,15-20
Hunold + Knoop Kunststofftechnik GmbH,https://www.hunold-knoop.de/,Geseke,291586.0,No Match
Isowa GmbH Isolier- und Abdichtprodukte,https://www.isowa.de/,Freudenberg,1981453.0,80-120
Kunststoff Christel GmbH & Co. KG,https://www.kunststoff-christel.de/,Bad Dürrheim,1288398.0,40-60
Egon Nesper GmbH & Co. KG,https://www.nesper.com/,Ispringen,5671420.0,200-350
Reiss Kunststofftechnik GmbH,https://www.reiss-kt.de/,Tettnang,1961499.0,80-120
Gebr. Schwarz GmbH,https://schwarz-gmbh.de/,Rottweil,160101.0,No Match
Mitras Composites Systems GmbH,https://mitras-composites.com/,Radeburg,1754776.0,60-80
Kunststofftechnik Backhaus GmbH,https://kb-backhaus.de/,Kierspe,790694.0,15-20
Schmid GmbH Kunststofftechnik,https://www.schmid-kunststofftechnik.de/,Obergünzburg,1870312.0,80-120
Mitschke GmbH Co. Kunststoffwerk KG,https://mitschke-kunststoffwerk.de/,Eggenthal,1195712.0,21-40
Liedtke Kunststofftechnik GmbH,https://www.kunststoff-tiefziehtechnik-liedtke.de,Markt Indersdorf,1755489.0,60-80
Erich Rothe GmbH & Co. KG,https://www.rothe.de/de/,Kitzingen,1502818.0,60-80
Friedrichs & Rath GmbH,https://www.frira.com/,Extertal,1719648.0,60-80
Hilti Kunststofftechnik GmbH,https://www.hilti.de/,Nersingen,14150078.0,350-600
Röchling Medical Waldachtal AG,https://www.roechling.com/de/medical/waldachtal,Waldachtal,3337281.0,120-200
Plastro Mayer GmbH,https://www.plastromayer.de/,Trochtelfingen,640659.0,10-15
W. Köpp GmbH & Co. KG,https://www.koepp.de/,Aachen,1293139.0,40-60
Südbadische Gummiwerke GmbH,https://www.s-b-g.de/,Donaueschingen,442600.0,10-15
PROTEC THE CAP COMPANY GmbH & Co. KG,https://protec.de/,Oststeinbek,547590.0,10-15
VIAOPTIC GmbH,https://www.viaoptic.de/,Wetzlar,3845846.0,120-200
SICO D. u. E. Simon GmbH,https://sico.de/,Steinau an der Straße,566594.0,10-15
MITRAS Materials GmbH,https://mitras-materials.com/de/,Weiden in der Oberpfalz,8248910.0,200-350
Universal Polythex - Kunststoffe GmbH,http://www.polythex.de/de/,Übach-Palenberg,665122.0,10-15
Tip Top Industrievulkanisation,https://www.tiptop-borna.de/,Borna,393320.0,10-15
Truplast Kunststofftechnik GmbH,https://www.truplast.de/,Langgöns,748492.0,15-20
Walter Potthoff GmbH,https://w-potthoff.de/de/,Kierspe,1544669.0,60-80
Würfel Kunststofftechnik GmbH,http://www.wuerfel-kt.com/,Velten,1705908.0,60-80
KOLEKTOR KAUTT & BUX GmbH,https://www.kolektor.com/companies,Herrenberg,863865.0,15-20
PEZET Aktiengesellschaft,https://www.pezet-kunststofftechnik.de/willkommen,Haigerloch,3054287.0,120-200
Küper GmbH & Co. KG,https://www.kuepergermany.com/,Bochum,798911.0,15-20
C.F. Maier Polymertechnik GmbH & Co KG,https://www.c-f-maier.de/,Schillingsfürst,640290.0,10-15
P K T Präzisions- Kunststoff- Teile GmbH,https://www.pkt-gmbh.de/de/home/,Tiefenbronn,5770592.0,200-350
ISO-Tech Kunststoff GmbH,https://www.iso-tech.net/,Ahaus,2206365.0,80-120
Heller Kunststoffe GmbH Herborn,https://www.hellerkunststoffe.com/,Herborn,373897.0,10-15
Polytron Kunststofftechnik GmbH & Co. KG,https://www.polytron-gmbh.de/,Bergisch Gladbach,1188354.0,21-40
G. Mertgens & Co. GmbH,http://www.mertgens.de/de/,Meinerzhagen,119376.0,No Match
Polynt Composites Germany GmbH,https://www.polynt.com/,Miehlen,4819210.0,120-200
BUKUMA GmbH,https://www.bukuma.de/,Boppard,2835944.0,120-200
Heinz Plastics Böhm GmbH,https://www.hp-boehm.com/de/,Tettau,1512816.0,60-80
KUNSTSTOFF-FRÖHLICH GMBH,https://www.f-plast.com/,Bad Lauterberg im Harz,1296933.0,40-60
Varioplast Konrad Däbritz GmbH,https://vario-plast.de/de//de,Ötisheim,2983398.0,120-200
Wischemann Kunststoff GmbH,https://www.wischemann-kunststoff.de/,Ochtrup,3294857.0,120-200
Polycomb GmbH,https://www.polycomb.de/,Auengrund,3419859.0,120-200
Otto Klumpp GmbH,https://www.otto-klumpp.de/de/,Balingen,213562.0,No Match
KVR Kunststoff- und Verfahrenstechnik,https://www.kvr-gmbh.de,Radeburg,1148071.0,21-40
Stella Kunststofftechnik GmbH,https://stella-packaging.de/,Eltville am Rhein,4862601.0,120-200
I. D. von Hagen Aktiengesellschaft,http://www.jdeha.de/,Iserlohn,2356405.0,80-120
Kunststofftechnik Rodenberg GmbH,http://www.ktrgmbh.de/de,Rodenberg,1734729.0,60-80
CPS GmbH,https://www.cps-gmbh.net/,Rohrdorf,1005517.0,21-40
GETA Gesellschaft,https://geta-wangen.de/,Wangen im Allgäu,650373.0,10-15
KSM Kunststofftechnik,http://www.ksm-kunststofftechnik.de/,Meschede,850812.0,15-20
Andreas Rupp GmbH,https://www.rupp-spritzguss.de/,Eppingen,682465.0,10-15
KCL GmbH,https://sps.honeywell.com/de/de/products/safety/hand-protection/gloves,Eichenzell,3131739.0,120-200
SOLE HOERGERTSHAUSEN GmbH,http://www.gsigroup.net/gsi_spa_de.htm,Hörgertshausen,4850029.0,120-200
Poly Plast GmbH,,Marl,2569169.0,120-200
Tip Top Vulkanisiertechnik GmbH,https://www.tiptop-vulkanisiertechnik.de/,Neutraubling,230426.0,No Match
Kunststoffwerk Neuteichnitz Baier GmbH,http://www.knb-online.de/Home.html,Bautzen,6213460.0,200-350
INNO TAPE GmbH,https://www.innotape.de/,Alfeld (Leine),350226.0,10-15
2 R Kunststofftechnik GmbH & Co.,https://zwei-r.com/,Schweitenkirchen,1404789.0,40-60
Gebrüder Schmidt KG,https://gskunststoff.de/,Idar-Oberstein,628567.0,10-15
Thermodyne GmbH,https://thermodyne.de/,Osnabrück,1281584.0,40-60
Polyfoam KAUTSCHUK GmbH,https://www.polyfoam.de/,Niederzier,1206338.0,40-60
Gubesch Engineering & Production GmbH,https://www.gubesch-group.de/,Emskirchen,848121.0,15-20
