Firma1,URL,Ort,Top1_Machine,Maschinen_Park_Size
Stryker GmbH & Co. KG,https://www.stryker.com/de/de/index.html,Duisburg,274807.0,No Match
LISA Laser Products GmbH,https://www.omni-guide.com/,Katlenburg-Lindau,44747.0,No Match
Sapio Life GmbH & Co. KG,https://www.sapiolife.de/,Homburg,4716792.0,120-200
JOTEC GmbH,https://artivion.com/,Hechingen,3572194.0,120-200
DOT GmbH,https://www.dot-coating.de/,Rostock,6436349.0,200-350
Christian Diener GmbH,https://www.diener-gmbh.de/,Tuttlingen,1085036.0,21-40
Tecan Deutschland GmbH,https://www.tecan.com/,Crailsheim,269135.0,No Match
B. Braun Vorratsgesellschaft Nr. 1 GmbH,http://www.aquaboss.com/,Wittlingen,80703.0,No Match
Bernhard Förster GmbH,https://www.forestadent.com/de-de/,Pforzheim,5342664.0,200-350
Brainlab AG,https://www.brainlab.com/,München,1735809.0,60-80
WILAmed GmbH,https://live.wilamed.de/,Kammerstein,3666349.0,120-200
IBA Dosimetry GmbH,http://www.iba-dosimetry.com/,Schwarzenbruck,1529952.0,60-80
bredent GmbH & Co. KG,https://bredent-group.com,Senden,851310.0,15-20
Dental Direkt GmbH,https://www.dentaldirekt.de/de,Spenge,1216066.0,40-60
Köttermann GmbH,https://www.koettermann.com/,Uetze,31677.0,No Match
Occlutech GmbH,https://occlutech.com/,Jena,1155693.0,21-40
Aero Pump GmbH,https://www.aeropump.de/,Hochheim am Main,10270245.0,350-600
Bort GmbH,https://www.bort.com/de/,Weinstadt,5778902.0,200-350
NOBAMED Paul Danz AG,https://www.noba-direct.com/de/,Wetter (Ruhr),752616.0,15-20
EKF-diagnostic GmbH,https://www.ekfdiagnostics.de/,Barleben,764150.0,15-20
RoweMed AG - Medical 4 Life,https://rowemed.de/,Parchim,1110176.0,21-40
Stryker Trauma GmbH,https://www.stryker.com/de/de/index.html,Schönkirchen,24016800.0,350-600
Andreas Hettich GmbH & Co. KG,https://www.hettichlab.com/de/,Tuttlingen,856685.0,15-20
Eberle GmbH & Co. KG,https://www.eberle-med.de/,Wurmberg,2547073.0,120-200
SRL Dental GmbH,https://www.srldental.com/,Ludwigshafen,1220108.0,40-60
VDW GmbH,https://www.vdw-dental.com/de/,München,4395325.0,120-200
Sysmex Partec GmbH,https://www.sysmex-partec.com/,Görlitz,157219.0,No Match
Stryker Leibinger GmbH & Co. KG,https://www.stryker.com/de/de/index.html,Freiburg im Breisgau,21600437.0,350-600
Berchtold GmbH & Co. KG,https://www.stryker.com/de/de/about/our-locations/tuttlingen.html,Tuttlingen,2549532.0,120-200
Hemoteq AG,https://www.freudenbergmedical.de/de/,Würselen,1066261.0,21-40
medi-G GmbH,https://medi-g.com,Meßkirch,3773309.0,120-200
BRUKER AXS GmbH,https://www.bruker.com/de.html,Karlsruhe,5060987.0,200-350
DiaSys Diagnostic Systems GmbH,https://www.diasys-diagnostics.com/,Holzheim,32678.0,No Match
NVT GmbH,https://www.nvt-med.com/,Hechingen,352807.0,10-15
Greggersen Gasetechnik GmbH,https://www.greggersen.de/,Hamburg,538264.0,10-15
ATMOS MedizinTechnik GmbH & Co. KG,https://atmosmed.com/de,Lenzkirch,504621.0,10-15
VBM Medizintechnik GmbH,https://www.vbm-medical.de,Sulz am Neckar,139495.0,No Match
Mediq Deutschland GmbH,https://www.mediq.de/,Merzig,537697.0,10-15
Phenox GmbH,https://phenox.net/international/,Bochum,222292.0,No Match
Thuasne Deutschland GmbH,http://www.thuasne.de/,Burgwedel,605364.0,10-15
Sunrise Medical GmbH,https://www.sunrisemedical.de/,Malsch,632144.0,10-15
Eckert & Ziegler Bebig GmbH,https://medical.ezag.com/en/bebig/,Berlin,1167986.0,21-40
Haux-Life-Support GmbH,https://hauxlifesupport.de/,Karlsbad,679244.0,10-15
DiaSorin Deutschland GmbH,http://www.diasorin.com/,Dietzenbach,983659.0,21-40
BOWA-electronic GmbH & Co. KG,https://www.bowa-medical.com/shop/de/sys/,Gomaringen,1213309.0,40-60
SycoTec GmbH & Co KG,https://sycotec.eu/,Leutkirch im Allgäu,604949.0,10-15
SPRINGER AKTIV AG,https://www.springer-berlin.de/de.html,Berlin,402984.0,10-15
Catgut GmbH,http://www.catgut.de,Markneukirchen,894921.0,15-20
HITADO GmbH,https://www.hitado.de/,Möhnesee,655290.0,10-15
Pall GmbH,https://shop.pall.com/de/de,Dreieich,585865.0,10-15
Hager & Meisinger,https://www.meisinger.de/,Neuss,2791923.0,120-200
SLK Vertriebsgesellschaft mbH,https://www.slk-gmbh.de/,Waltrop,28989.0,No Match
ITD GmbH,https://www.itd-cart.com/de,Johanniskirchen,116649.0,No Match
FUJIFILM medwork GmbH,https://www.medwork.com/,Höchstadt an der Aisch,3364495.0,120-200
JAHN GmbH,https://www.jahngmbh.de/,Tambach-Dietharz,408098.0,10-15
Medtron Aktiengesellschaft,https://www.medtron.com,Saarbrücken,288549.0,No Match
RESORBA Medical GmbH,https://resorba.com/,Nürnberg,627617.0,10-15
S & C Polymer Silicon- und,https://sc-polymer.com/,Elmshorn,1965780.0,80-120
Kettenbach GmbH & Co. KG,https://www.kettenbach-dental.de/,Eschenburg,328203.0,10-15
Medi-Globe GmbH,https://www.mediglobe-endoflex.de/,Rohrdorf,27723.0,No Match
ENDO-FLEX GmbH,https://www.endo-flex.de/de/,Voerde (Niederrhein),45933.0,No Match
GS Elektromedizinische,https://corpuls.world/,Kaufering,482689.0,10-15
Dr. Ausbüttel & Co. GmbH,https://www.piratoplast.de/kinderwundversorgung/,Dortmund,68653.0,No Match
DETAX GmbH,https://www.detax.de/,Ettlingen,1061196.0,21-40
XENIOS AG,https://www.xenios-ag.com/,Heilbronn,122011.0,No Match
GPE Systeme GmbH,https://gpe-group.de/,Dassow,354337.0,10-15
IONTO Health & Beauty GmbH,https://www.ionto.de/,Karlsruhe,136132.0,No Match
CeMed GmbH Vertrieb und Konfektionierung,https://www.cemed.de/,Neufra,271842.0,No Match
KNAUER Wissenschaftliche Geräte GmbH,https://www.knauer.net/de,Berlin,1501673.0,60-80
Werfen GmbH,https://www.werfen.com/de/en,München,10213051.0,350-600
Medizintechnik Rostock GmbH,https://www.mtronline.de/start/,Berlin,55643.0,No Match
Dieter Marquardt Medizintechnik GmbH,https://www.marquardt-medizintechnik.de/,Spaichingen,1520714.0,60-80
Medos Medizintechnik AG,https://www.xenios-ag.com/,Heilbronn,807483.0,15-20
Nypro Healthcare GmbH,https://www.jabil.com/,Knittlingen,7164026.0,200-350
FotoFinder Systems GmbH,https://www.fotofinder.de/startseite/,Bad Birnbach,44527.0,No Match
Berlin Heart GmbH,https://www.berlinheart.de/,Berlin,4090496.0,120-200
Bruker BioSpin MRI GmbH,https://www.bruker.com/content/bruker/int/de/products-and-solutions/magnetic-resonance.html,Ettlingen,112080.0,No Match
elm-plastic GmbH,https://elmplastic.com/,Dudeldorf,2673139.0,120-200
Hecht Contactlinsen GmbH,https://www.hecht-kontaktlinsen.de/,Au bei Freiburg,281107.0,No Match
Scheu-Dental GmbH,https://www.scheu-dental.com/start/,Iserlohn,1287005.0,40-60
Medisana AG,https://www.medisana.de/,Neuss,129880.0,No Match
Mathys Orthopädie GmbH,https://www.mathysmedical.com/startseite.html?url=,Mörsdorf,4203738.0,120-200
FEG Textiltechnik Forschungs-,https://de.dyna-mesh.com/,Aachen,432685.0,10-15
WALDEMAR LINK GmbH & Co. KG,https://www.link-ortho.com/,Hamburg,8608383.0,200-350
Edwards Lifesciences Services GmbH,https://www.edwards.com/,Unterschleißheim,1411693.0,40-60
SERAG-WIESSNER GmbH & Co. KG,https://www.serag-wiessner.de/,Naila,8270258.0,200-350
HERCO Wassertechnik GmbH,https://www.hercowater.com/de/wasseraufbereitung-anlagen-medizin.html,Freiberg am Neckar,44638.0,No Match
OPED GmbH,https://oped.de/,Valley OT Oberlaindern,928600.0,21-40
Dietz GmbH,https://www.dietz-reha.com/,Karlsbad,27855.0,No Match
Renfert GmbH,http://www.renfert.com/,Hilzingen,1774885.0,60-80
Gerhard Menzel GmbH,https://www.thermofisher.com/de/de/home.html,Braunschweig,2013768.0,80-120
BUSCH & CO. GmbH & Co. KG,http://www.busch.eu/de/,Engelskirchen,832940.0,15-20
Hellmut Ruck GmbH,https://hellmut-ruck.de/,Neuenbürg,178285.0,No Match
Manfred Sauer GmbH,https://www.manfred-sauer.com/medizinprodukte/,Lobbach,8199584.0,200-350
Julius Zorn GmbH,https://www.juzo.com/,Aichach,8958625.0,200-350
Physiotherm GmbH Deutschland,https://physiotherm.com/,Treuen,425696.0,10-15
PerkinElmer Cellular Technologies,https://www.perkinelmer.com/de/,Hamburg,1383465.0,40-60
Berner International GmbH,https://www.berner-safety.de/,Elmshorn,502240.0,10-15
Cantel (Germany) GmbH,https://www.cantelmedical.eu/de/,Gersthofen,243367.0,No Match
Heidelberg Engineering GmbH,https://www.heidelbergengineering.com/,Heidelberg,923547.0,21-40
Dr. Mach GmbH & Co. KG,https://dr-mach.de/,Ebersberg,593047.0,10-15
Life Systems Medizintechnik-Service GmbH,https://life-systems.de/,Mönchengladbach,1835591.0,80-120
MT.DERM GmbH,https://www.mtderm.de/,Berlin,2721382.0,120-200
IMS Röntgensysteme GmbH,https://www.ims-gmbh.de,Heiligenhaus,52409.0,No Match
rehaform GmbH & Co. KG,https://rehaform.de/,Stralsund,626761.0,10-15
Injecta GmbH,https://www.injecta.de/,Klingenthal,3542470.0,120-200
Memmert GmbH + Co. KG,https://www.memmert.com/de/startseite/,Schwabach,2342161.0,80-120
Bio-Rad Medical Diagnostics GmbH,http://www.medizinische-diagnostik-dreieich.de,Dreieich,749060.0,15-20
IREMA-FILTER GmbH,https://www.irema.de/,Postbauer-Heng,1385087.0,40-60
ProCon Medizintechnik GmbH,http://www.procon-med.de/,Alzenau,667049.0,10-15
ABIOMED Europe GmbH,https://www.abiomed.com/,Aachen,17451346.0,350-600
SWS-Medicare GmbH,https://www.sws-medicare.de/,Essenbach OT Altheim,1253221.0,40-60
NRI Medizintechnik GmbH,https://www.nri-med.de/,München,966593.0,21-40
Bruker Daltonik GmbH,https://www.bruker.com/en.html,Bremen,11493083.0,350-600
AMPri Handelsgesellschaft mbH,https://www.ampri.de/,Winsen (Luhe),212032.0,No Match
MAVIG GmbH,https://mavig.com/,München,439206.0,10-15
Novanta Europe GmbH,https://www.novanta.com/,Garching bei München,1380207.0,40-60
DT&SHOP GmbH,http://www.dt-shop.com/,Bad Bocklet,468640.0,10-15
FSSB Chirurgische Nadeln GmbH,https://corza.com/global/,Jestetten,237619.0,No Match
XION GmbH,https://www.xion-medical.com/de/,Berlin,197388.0,No Match
Synergy Health Radeberg GmbH,https://www.steris.com/,Radeberg,8126977.0,200-350
B.R.A.H.M.S GmbH,https://www.brahms.de/en-gb/,Hennigsdorf,488046.0,10-15
SCHWIND eye-tech-solutions GmbH,https://www.eye-tech-solutions.com/de,Kleinostheim,4792363.0,120-200
Haselmeier GmbH,https://haselmeier.com/,Stuttgart,306412.0,10-15
Nikkiso Europe GmbH,https://www.nikkiso-europe.eu/intro/,Langenhagen,65930.0,No Match
Coltène/Whaledent GmbH + Co. KG,https://www.coltene.com/,Langenau,826566.0,15-20
DW Lingual Systems GmbH,https://www.lingualsystems.de/,Bad Essen,534582.0,10-15
medentis medical GmbH,https://medentis.com/,Bad Neuenahr-Ahrweiler,305538.0,10-15
Bavaria Medizin Technologie GmbH,https://www.bavaria-medizin.de/,Weßling,1595337.0,60-80
inomed Medizintechnik GmbH,https://www.inomed.de/,Emmendingen,53142.0,No Match
Weber Ultrasonics AG,https://www.weber-ultrasonics.com/,Karlsbad,539236.0,10-15
MAICO Diagnostics GmbH,https://www.maico-diagnostics.com/german,Berlin,178707.0,No Match
Alber GmbH,https://www.alber.de/de/,Albstadt,382562.0,10-15
WaveLight GmbH,https://www.de.alcon.com/de/karriere-bei-wavelight/ueber-wavelight,Erlangen,1641821.0,60-80
ERBE Elektromedizin GmbH,https://de.erbe-med.com/de-de/,Tübingen,71073.0,No Match
Pulsion Medical Systems SE,https://www.getinge.com/de/,Feldkirchen,1750790.0,60-80
Hittech PRONTOR GmbH,https://hittech.com/en/portfolio-posts/hittech-prontor/,Bad Wildbad,1163458.0,21-40
W.O.M. World of Medicine GmbH,https://www.wom.group/,Berlin,4851720.0,120-200
Getinge Deutschland GmbH,https://www.getinge.com/de/,Rastatt,8459495.0,200-350
Nipro PharmaPackaging Germany GmbH,http://www.nipro-europegroupcompanies.com/,Münnerstadt,64493627.0,350-600
Sengewald Klinikprodukte GmbH,https://www.sengewald.de/,Rohrdorf,65338.0,No Match
BAG Health Care GmbH,https://www.bag-healthcare.com/,Lich,1022614.0,21-40
Schütz Dental GmbH,https://www.schuetz-dental.de/,Rosbach v. d. Höhe,272183.0,No Match
aks Aktuelle Krankenpflege,https://aks.de//,Troisdorf,30018.0,No Match
Haag-Streit Surgical GmbH & Co. KG,https://www.haag-streit.com/de/haag-streit-surgical/,Wedel,165678.0,No Match
Tcoag Deutschland GmbH,https://www.tcoag.com/worldwide/global/,Lemgo,245713.0,No Match
Oticon GmbH,https://www.oticon.de/hearing-aid-users,Hamburg,110115.0,No Match
FRITSCH GmbH,https://www.fritsch.de/,Idar-Oberstein,1383366.0,40-60
Elementar Analysensysteme GmbH,https://www.elementar.com/de/,Langenselbold,117449.0,No Match
Königsee Implantate GmbH,https://www.koenigsee-implantate.de/,Allendorf,2013590.0,80-120
W. Söhngen GmbH,https://www.soehngen.com/,Taunusstein,87494.0,No Match
NTI-Kahla GmbH,https://www.nti.de/,Kahla,1030505.0,21-40
Dreve Otoplastik GmbH,https://otoplastik.dreve.de/,Unna,376018.0,10-15
Bricon Technology GmbH,https://bricontechnology.com/,Wurmlingen,3236478.0,120-200
Mikrogen GmbH,https://www.mikrogen.de/,Neuried,886038.0,15-20
AMOENA Medizin-Orthopädie-Technik GmbH,https://www.amoena.com/de/,Raubling,1262190.0,40-60
nal von minden GmbH,https://www.nal-vonminden.com/de/,Moers,123652.0,No Match
Bernafon Hörgeräte GmbH,https://www.bernafon.de/hearing-aid-users,Berlin,22863.0,No Match
Honeywell Healthcare Solutions GmbH,https://sps.honeywell.com/de/de/products/sensing-and-iot/sensors,Wismar,165715.0,No Match
pfm medical ag,https://www.pfmmedical.de/,Köln,145839.0,No Match
AAT Alber Antriebstechnik GmbH,https://www.aat-online.de/de/,Albstadt,382562.0,10-15
Joline GmbH & Co. KG,https://www.joline.de/,Hechingen,1042407.0,21-40
RUDOLF Medical GmbH + Co. KG,https://www.rudolf-med.com/de/,Fridingen an der Donau,233621.0,No Match
Mold-Masters Europa GmbH,https://www.milacron.com/,Baden-Baden,1207959.0,40-60
Andreas Fahl,http://www.fahl-medizintechnik.de/,Köln,59535.0,No Match
Möller Medical GmbH,https://moeller-medical.com/,Fulda,3025505.0,120-200
HEBUmedical GmbH,https://www.hebumedical.com/de/,Tuttlingen,2186468.0,80-120
Alpha Plan GmbH,https://www.alpha-plan.de/,Radeberg,169575.0,No Match
Merz Dental GmbH,https://www.merz-dental.de/,Lütjenburg,2078435.0,80-120
Audia Akustik GmbH,https://www.audia-akustik.de/,Sömmerda,411142.0,10-15
implantcast GmbH,https://www.implantcast.de/,Buxtehude,1173680.0,21-40
Saegeling Medizintechnik Service-,https://www.saegeling-mt.de/,Heidenau,50247.0,No Match
optimed,https://www.optimed.com/,Ettlingen,331035.0,10-15
POLYTECH Health & Aesthetics GmbH,https://polytech-health-aesthetics.com/de/,Dieburg,2231000.0,80-120
Tutogen Medical GmbH,https://www.rtix.com/de_de,Neunkirchen am Brand,69715.0,No Match
Novo Klinik-Service GmbH,https://novo-med.de/de/,Bergheim,106464.0,No Match
Belimed GmbH,http://www.belimed.com/de/,Mühldorf a. Inn,273264.0,No Match
wissner-bosserhoff GmbH,http://www.wi-bo.com/en-DE/,Wickede (Ruhr),228336.0,No Match
egger Otoplastik + Labortechnik GmbH,https://eggeronline.com/de/,Kempten (Allgäu),36196.0,No Match
LRE Medical GmbH,https://www.lre.de/,München,2297473.0,80-120
Cortronik GmbH,https://www.cortronik.com/de,Rostock,7734226.0,200-350
Agfa-Gevaert Graphic Systems GmbH,https://www.agfa.com/printing/worldwide/europe/germany/,Düsseldorf,14671532.0,350-600
VascoMed GmbH,http://www.vascomed.com/,Binzen,1475909.0,40-60
sfm medical devices GmbH,https://www.sfm.de/,Wächtersbach,7569980.0,200-350
Pharmpur GmbH,https://pharmpur.de/,Königsbrunn,1600913.0,60-80
Christoph Miethke GmbH & Co KG,https://www.miethke.com/,Potsdam,2592245.0,120-200
Erkodent Erich Kopp GmbH,https://www.erkodent.de/,Pfalzgrafenweiler,2307944.0,80-120
Nihon Kohden Europe GmbH,http://www.nihonkohden.de/,Rosbach v. d. Höhe,48484.0,No Match
Philipp Kirsch GmbH,https://kirsch-medical.de/index.php?lang=de,Willstätt,2050302.0,80-120
MaiMed GmbH,https://maimed.de/,Neuenkirchen,128286.0,No Match
Rudolf Riester GmbH,https://www.riester.de/,Jungingen,682398.0,10-15
Geuder Aktiengesellschaft,https://www.geuder.de/,Heidelberg,204917.0,No Match
ANALYTICON Biotechnologies GmbH,https://www.analyticon-diagnostics.com/en/,Lichtenfels,62559.0,No Match
inheco,https://www.inheco.com/home.html,Planegg OT Martinsried,500047.0,10-15
em-tec GmbH,https://www.psgdover.com/em-tec/,Finning,598403.0,10-15
Critical care Gesellschaft für home care,https://criticalcare.de/,Schmalfeld,169741.0,No Match
TZMO Deutschland GmbH,https://tzmo.de/de_DE,Biesenthal,69460.0,No Match
Aesku.Diagnostics GmbH & Co. KG,https://www.aesku.com/,Wendelsheim,47106.0,No Match
KS SYSTEC Dr. Schmidbauer GmbH & Co. KG,http://www.kssystec.de,Wuppertal,198623.0,No Match
SHERA Werkstoff-Technologie,https://shera.de/,Lemförde,928421.0,21-40
Medline International Germany GmbH,https://www.medline.eu/de/,Kleve,1003342.0,21-40
PHYSIOMED ELEKTROMEDIZIN AG,https://physiomed.de/de/homepage/,Schnaittach,46751.0,No Match
Günter Bissinger Medizintechnik GmbH,https://www.bissinger.com/,Teningen,1489561.0,40-60
REGUMED Regulative Medizintechnik GmbH,https://www.regumed.de/,Planegg,28731.0,No Match
BMG Labtech GmbH,https://www.bmglabtech.com/en/,Ortenberg,84694.0,No Match
Vermes Microdispensing GmbH,https://www.vermes.com/de/,Holzkirchen,1100262.0,21-40
ACL GmbH,https://www.acl.de/,Markkleeberg,1257180.0,40-60
Drive Medical GmbH & Co KG,https://www.drivemedical.de/,Isny,25625.0,No Match
Aristotech Industries GmbH,https://aristotech.de/,Luckenwalde,5011106.0,200-350
Agfa-Gevaert HealthCare GmbH,https://global.agfahealthcare.com/,Düsseldorf,1540887.0,60-80
OSARTIS GmbH,https://osartis.de/https://osartis.de/,Münster (Hessen),665714.0,10-15
